Workbook

Sheet Resumen
A1: Atributos de calidad | B1: Mapa de empatia | F1: Total características | G1: Total votos | H1: Administrador | I1: Trabajador | J1: Priorizacion
A2: Atributos de calidad | B2: Administrador | C2: Trabajador | D2: Total | E2: Porcentaje
A3: Disponibilidad | B3: 15 | C3: 14 | D3: =B3+C3 -> 29 | E3: =D3/$D$18 -> 0.12083333 | F3: 3 | G3: =F18/2+1 -> 11.5 | H3: =Disponibilidad!D5 -> 2 | I3: =Disponibilidad!E5 -> 2 | J3: =Disponibilidad!F5 -> 4
A4: Experiencia de usuario | B4: 12 | C4: 15 | D4: =B4+C4 -> 27 | E4: =D4/$D$18 -> 0.1125 | F4: 4 | H4: ='Experiencia de usuario'!D6 -> 3 | I4: ='Experiencia de usuario'!E6 -> 4 | J4: ='Experiencia de usuario'!F6 -> 7
A5: Seguridad | B5: 14 | C5: 11 | D5: =B5+C5 -> 25 | E5: =D5/$D$18 -> 0.10416667 | F5: 5 | H5: =Seguridad!D7 -> 3 | I5: =Seguridad!E7 -> 1 | J5: =Seguridad!F7 -> 4
A6: Confiabilidad | B6: 10 | C6: 13 | D6: =B6+C6 -> 23 | E6: =D6/$D$18 -> 0.095833333 | F6: 4 | H6: =Confiabilidad!D6 -> 2 | I6: =Confiabilidad!E6 -> 3 | J6: =Confiabilidad!F6 -> 5
A7: Rendimiento | B7: 11 | C7: 12 | D7: =B7+C7 -> 23 | E7: =D7/$D$18 -> 0.095833333 | F7: 3 | H7: =Rendimiento!D5 -> 1 | I7: =Rendimiento!E5 -> 2 | J7: =Rendimiento!F5 -> 1
A8: Escalabilidad | B8: 13 | C8: 10 | D8: =B8+C8 -> 23 | E8: =D8/$D$18 -> 0.095833333 | F8: 2 | H8: =Escalibalidad!D4 -> 2 | I8: =Escalibalidad!E4 -> 0 | J8: =Escalibalidad!F4 -> 2
A9: Conformidad | B9: 9 | C9: 8 | D9: =B9+C9 -> 17 | E9: =D9/$D$18 -> 0.070833333 | F9: 0 | H9: 0 | I9: 0 | J9: 0
A10: Capacidad para ser soportado | B10: 7 | C10: 9 | D10: =B10+C10 -> 16 | E10: =D10/$D$18 -> 0.066666667 | F10: 0 | H10: 0 | I10: 0 | J10: 0
A11: Flexibilidad | B11: 8 | C11: 7 | D11: =B11+C11 -> 15 | E11: =D11/$D$18 -> 0.0625 | F11: 0 | H11: 0 | I11: 0 | J11: 0
A12: Mantenibilidad | B12: 6 | C12: 6 | D12: =B12+C12 -> 12 | E12: =D12/$D$18 -> 0.05 | F12: 0 | H12: 0 | I12: 0 | J12: 0
A13: Accesibilidad | B13: 5 | C13: 5 | D13: =B13+C13 -> 10 | E13: =D13/$D$18 -> 0.041666667 | F13: 0 | H13: 0 | I13: 0 | J13: 0
A14: Interoperabilidad | B14: 2 | C14: 4 | D14: =B14+C14 -> 6 | E14: =D14/$D$18 -> 0.025 | F14: 0 | H14: 0 | I14: 0 | J14: 0
A15: Capacidad para ser probado | B15: 4 | C15: 2 | D15: =B15+C15 -> 6 | E15: =D15/$D$18 -> 0.025 | F15: 0 | H15: 0 | I15: 0 | J15: 0
A16: Internacionalización | B16: 3 | C16: 3 | D16: =B16+C16 -> 6 | E16: =D16/$D$18 -> 0.025 | F16: 0 | H16: 0 | I16: 0 | J16: 0
A17: Capacidad para ser administrado | B17: 1 | C17: 1 | D17: =B17+C17 -> 2 | E17: =D17/$D$18 -> 0.0083333333 | F17: 0 | H17: 0 | I17: 0 | J17: 0
B18: 120 | C18: 120 | D18: =SUM(D3:D17) -> 240 | E18: 1 | F18: =SUM(F3:F8) -> 21 | H18: 0 | I18: 0

Sheet Disponibilidad
A1: Características | D1: Adminsitrador | E1: Trabajador | F1: Priorizacion
A2: El sistema no debe caerse durante el horario laboral. | B2: ESC-CAL- DISPONIBILIDAD | D2: 1 | E2: 1 | F2: =SUM(D2:E2) -> 2
A3: Informe de errores. | B3: ESC-CAL- DISPONIBILIDAD | F3: =SUM(D3:E3) -> 0
A4: Soporte rápido ante incidentes. | B4: ESC-CAL- DISPONIBILIDAD | D4: 1 | E4: 1 | F4: =SUM(D4:E4) -> 2
C5: Total | D5: =SUM(D2:D4) -> 2 | E5: =SUM(E2:E4) -> 2 | F5: =SUM(F2:F4) -> 4

Sheet Experiencia de usuario
A1: Características | D1: Adminsitrador | E1: Trabajador | F1: Priorizacion
A2: Interfaz intuitiva y simple para trabajadores sin experiencia técnica. | B2: ESC-CAL- EXPERIENCIA DE USUARIO | D2: 1 | E2: 1 | F2: =SUM(D2:E2) -> 2
A3: Contraste de colores, tamaños y tipografías adaptados para fácil lectura. | B3: ESC-CAL- EXPERIENCIA DE USUARIO | E3: 1 | F3: =SUM(D3:E3) -> 1
A4: Textos y mensajes claros, sin tecnicismos, con ayuda contextual. | B4: ESC-CAL- EXPERIENCIA DE USUARIO | D4: 1 | E4: 1 | F4: =SUM(D4:E4) -> 2
A5: Navegación amigable | B5: ESC-CAL- EXPERIENCIA DE USUARIO | D5: 1 | E5: 1 | F5: =SUM(D5:E5) -> 2
C6: Total | D6: =SUM(D2:D5) -> 3 | E6: =SUM(E2:E5) -> 4 | F6: =SUM(F2:F5) -> 7

Sheet Seguridad
A1: Características | D1: Adminsitrador | E1: Trabajador | F1: Priorizacion
A2: Control de acceso por roles (administrador, trabajador). | B2: ESC-CAL- SEGURIDAD | D2: 1 | F2: =SUM(D2:E2) -> 1
A3: Cifrado de datos sensibles. | B3: ESC-CAL- SEGURIDAD | D3: 1 | F3: =SUM(D3:E3) -> 1
A4: Reglas de contraseña segura y cambio periódico. | B4: ESC-CAL- SEGURIDAD | F4: =SUM(D4:E4) -> 0
A5: Autenticación y rol | B5: ESC-CAL- SEGURIDAD | F5: =SUM(D5:E5) -> 0
A6: Trazabilidad de la información | B6: ESC-CAL- SEGURIDAD | D6: 1 | E6: 1 | F6: =SUM(D6:E6) -> 2
C7: Total | D7: =SUM(D2:D6) -> 3 | E7: =SUM(E2:E6) -> 1 | F7: =SUM(F2:F6) -> 4

Sheet Confiabilidad
A1: Características | D1: Adminsitrador | E1: Trabajador | F1: Priorizacion
A2: Integridad transaccional | B2: ESC-CAL- CONFIABILIDAD | E2: 1 | F2: =SUM(D2:E2) -> 1
A3: Respaldo automático diario de la base de datos. | B3: ESC-CAL- CONFIABILIDAD | D3: 1 | F3: =SUM(D3:E3) -> 1
A4: Capacitación mínima requerida. | B4: ESC-CAL- CONFIABILIDAD | E4: 1 | F4: =SUM(D4:E4) -> 1
A5: Validación de datos en todas las operaciones críticas (ejemplo: no registrar pagos negativos o productos inexistentes). | B5: ESC-CAL- CONFIABILIDAD | D5: 1 | E5: 1 | F5: =SUM(D5:E5) -> 2
C6: Total | D6: =SUM(D2:D5) -> 2 | E6: =SUM(E2:E5) -> 3 | F6: =SUM(F2:F5) -> 5

Sheet Rendimiento
A1: Características | D1: Adminsitrador | E1: Trabajador | F1: Priorizacion
A2: Tiempos de respuesta optimos | B2: ESC-CAL- RENDIMIENTO | E2: 1 | F2: =SUM(D2:E2) -> 1
A3: Capacidad para atender varios usuarios en simultáneo sin degradar la experiencia. | B3: ESC-CAL- RENDIMIENTO | F3: =SUM(D3:E3) -> 0
A4: Optimización de búsquedas y filtros en tablas y listados. | B4: ESC-CAL- RENDIMIENTO | D4: 1 | E4: =SUM(C4:D4) -> 1
C5: Total | D5: =SUM(D2:D4) -> 1 | E5: =SUM(E2:E4) -> 2 | F5: =SUM(F2:F4) -> 1

Sheet Escalibalidad
A1: Características | D1: Adminsitrador | E1: Trabajador | F1: Priorizacion
A2: Posibilidad de agregar nuevos usuarios y roles sin afectar el desempeño. | B2: ESC-CAL- ESCALABILIDAD | D2: 1 | F2: =SUM(D2:E2) -> 1
A3: Estructura flexible para añadir nuevos módulos | B3: ESC-CAL- ESCALABILIDAD | D3: 1 | F3: =SUM(D3:E3) -> 1
C4: Total | D4: =SUM(D2:D3) -> 2 | E4: =SUM(E2:E3) -> 0 | F4: =SUM(F2:F3) -> 2

Sheet ESC-CAL- DISPONIBILIDAD
A1: Identificador del escenario de calidad: | D1: ESC-CAL- DISPONIBILIDAD-0001
A2: Nombre del escenario de calidad: | D2: Registro de ventas en horario laboral
A3: Tipo escenario: | D3: Horario laboral
A4: Descripción: | D4: Garantiza que el sistema permita registrar ventas en el horario laboral establecido.
A5: Fuente del estímulo | C5: Estímulo | E5: Ambiente | G5: Artefacto | I5: Respuesta | K5: Medida de la respuesta | M5: ¿Cumplió?
A6: Trabajador | C6: Registrar una venta | E6: Horario laboral | G6: Sistema | I6: El sistema permite completar el registro de la venta sin error. | K6: Registro exitoso de la venta en horario laboral. | M6: NO
A10: Identificador del escenario de calidad: | D10: ESC-CAL- DISPONIBILIDAD-0002
A11: Nombre del escenario de calidad: | D11: Informe de errores.
A12: Tipo escenario: | D12: Básico
A13: Descripción: | D13: El sistema debe estar disponible al menos el 99% del tiempo durante el mes.
A14: Fuente del estímulo | C14: Estímulo | E14: Ambiente | G14: Artefacto | I14: Respuesta | K14: Medida de la respuesta | M14: ¿Cumplió?
A15: Sistema | C15: error | E15: basico | G15: Sistema | I15: El sistema reporta los errores | K15: Reporte de errores | M15: NO
A19: Identificador del escenario de calidad: | D19: ESC-CAL- DISPONIBILIDAD-0003
A20: Nombre del escenario de calidad: | D20: Soporte rápido ante incidentes.
A21: Tipo escenario: | D21: Básico
A22: Descripción: | D22: Se debe brindar soporte tecnico en un tiempo adecuado
A23: Fuente del estímulo | C23: Estímulo | E23: Ambiente | G23: Artefacto | I23: Respuesta | K23: Medida de la respuesta | M23: ¿Cumplió?
A24: Usuario | C24: Reporta Incidente | E24: basico | G24: soporte | I24: el usuario notifica al equipo de soporte | K24: Tiempo de respuesta del equipo técnico ante incidentes críticos | M24: NO

Sheet ESC-CAL- EXPERIENCIA DE USUARIO
A1: Identificador del escenario de calidad: | D1: ESC-CAL- EXPERIENCIA DE USUARIO-0001
A2: Nombre del escenario de calidad: | D2: Interfaz intuitiva y simple para trabajadores sin experiencia técnica.
A3: Tipo escenario: | D3: Básico
A4: Descripción: | D4: El sistema debe ser usable para trabajadores sin experiencia técnica,
A5: Fuente del estímulo | C5: Estímulo | E5: Ambiente | G5: Artefacto | I5: Respuesta | K5: Medida de la respuesta | M5: ¿Cumplió?
A6: Trabajador | C6: Registrar una venta | E6: Horario laboral | G6: Sistema | I6: El sistema permite completar el registro sin errores ni ayuda externa | K6: Registro exitoso de la venta sin capacitación previa | M6: NO
A10: Identificador del escenario de calidad: | D10: ESC-CAL- EXPERIENCIA DE USUARIO-0002
A11: Nombre del escenario de calidad: | D11: Contraste de colores, tamaños y tipografías
A12: Tipo escenario: | D12: Básico
A13: Descripción: | D13: El sistema debe permitir la lectura y visualización clara en todo momento, minimizando el esfuerzo visual del usuario.
A14: Fuente del estímulo | C14: Estímulo | E14: Ambiente | G14: Artefacto | I14: Respuesta | K14: Medida de la respuesta | M14: ¿Cumplió?
A15: Trabajador | C15: Consultar productos | E15: basico | G15: Sistema | I15: El trabajador visualiza correctamente datos y botones | K15: Usuarios reconocen los elementos presentes en la pantalla | M15: NO
A19: Identificador del escenario de calidad: | D19: ESC-CAL- EXPERIENCIA DE USUARIO - 0003
A20: Nombre del escenario de calidad: | D20: Textos y mensajes claros, sin tecnicismos, con ayuda contextual
A21: Tipo escenario: | D21: Básico
A22: Descripción: | D22: El sistema debe mostrar mensajes comprensibles, sin tecnicismos, e incluir ayudas contextuales cuando se requiera.
A23: Fuente del estímulo | C23: Estímulo | E23: Ambiente | G23: Artefacto | I23: Respuesta | K23: Medida de la respuesta | M23: ¿Cumplió?
A24: Trabajador | C24: Recibe un mensaje/error | E24: basico | G24: Sistema | I24: El usuario entiende el mensaje y toma acción adecuada | K24: Prueba de usuario: comprensión y adecuación correcta de los mensajes | M24: NO
A28: Identificador del escenario de calidad: | D28: ESC-CAL- DISPONIBILIDAD DE USUARIO-0004
A29: Nombre del escenario de calidad: | D29: Navegación amigable
A30: Tipo escenario: | D30: Básico
A31: Descripción: | D31: El sistema debe permitir que el usuario navegue entre diferentes opciones sin perderse ni confundirse.
A32: Fuente del estímulo | C32: Estímulo | E32: Ambiente | G32: Artefacto | I32: Respuesta | K32: Medida de la respuesta | M32: ¿Cumplió?
A33: Trabajador | C33: Accede a diferentes módulos | E33: basico | G33: El usuario encuentra la función/información deseada rápidamente | I33: El usuario entiende el mensaje y toma acción adecuada | K33: Tiempo o clics promedio para completar tareas clave | M33: NO

Sheet ESC-CAL- SEGURIDAD
A1: Identificador del escenario de calidad: | D1: ESC-CAL- SEGURIDAD-0001
A2: Nombre del escenario de calidad: | D2: Control de acceso por roles
A3: Tipo escenario: | D3: Básico
A4: Descripción: | D4: El sistema debe garantizar que solo los usuarios autorizados accedan a las funciones correspondientes a su rol.
A5: Fuente del estímulo | C5: Estímulo | E5: Ambiente | G5: Artefacto | I5: Respuesta | K5: Medida de la respuesta | M5: ¿Cumplió?
A6: Usuario | C6: Intentar acceder a función restringida | E6: Basico | G6: Sistema | I6: El sistema deniega el acceso si el rol no corresponde | K6: Registro de intentos de acceso denegado | M6: NO
A10: Identificador del escenario de calidad: | D10: ESC-CAL- SEGURIDAD-0002
A11: Nombre del escenario de calidad: | D11: Cifrado de datos sensibles
A12: Tipo escenario: | D12: Básico
A13: Descripción: | D13: El sistema debe proteger la información sensible almacenada mediante cifrado adecuado.
A14: Fuente del estímulo | C14: Estímulo | E14: Ambiente | G14: Artefacto | I14: Respuesta | K14: Medida de la respuesta | M14: ¿Cumplió?
A15: Sistema | C15: Acceso a la base de datos | E15: basico | G15: Base de datos | I15: Los datos sensibles deben aparecer cifrados | K15: Los datos no pueden leerse sin la clave adecuada | M15: NO
A19: Identificador del escenario de calidad: | D19: ESC-CAL- SEGURIDAD-0003
A20: Nombre del escenario de calidad: | D20: Reglas de contraseña segura y cambio periódico
A21: Tipo escenario: | D21: Básico
A22: Descripción: | D22: El sistema debe exigir contraseñas fuertes y solicitar su cambio periódico.
A23: Fuente del estímulo | C23: Estímulo | E23: Ambiente | G23: Artefacto | I23: Respuesta | K23: Medida de la respuesta | M23: ¿Cumplió?
A24: Usuario | C24: Crear o cambiar contraseña | E24: basico | G24: Sistema | I24: Solo acepta contraseñas que cumplen requisitos de seguridad y notifica sobre su caducidad | K24: Contraseñas cumplen reglas y se cambian en el tiempo esperado | M24: NO
A28: Identificador del escenario de calidad: | D28: ESC-CAL- SEGURIDAD-0004
A29: Nombre del escenario de calidad: | D29: Autenticación y rol
A30: Tipo escenario: | D30: Básico
A31: Descripción: | D31: El sistema debe verificar el rol de los usuarios antes de permitir los accesos a los diferentes componentes del sistema
A32: Fuente del estímulo | C32: Estímulo | E32: Ambiente | G32: Artefacto | I32: Respuesta | K32: Medida de la respuesta | M32: ¿Cumplió?
A33: Usuario | C33: Iniciar sesión | E33: basico | G33: Sistema | I33: El sistema valida credenciales y permite o rechaza acceso | K33: Acceso solo con credenciales válidas y los accesos permitidos del rol | M33: NO
A36: Identificador del escenario de calidad: | D36: ESC-CAL- SEGURIDAD-0005
A37: Nombre del escenario de calidad: | D37: Trazabilidad de la información
A38: Tipo escenario: | D38: Básico
A39: Descripción: | D39: El sistema debe registrar y permitir la auditoría de todas las acciones relevantes sobre datos críticos.
A40: Fuente del estímulo | C40: Estímulo | E40: Ambiente | G40: Artefacto | I40: Respuesta | K40: Medida de la respuesta | M40: ¿Cumplió?
A41: Usuario | C41: Consultar historial de cambios | E41: basico | G41: Sistema | I41: El sistema muestra el historial completo de acciones sobre los datos | K41: Se puede rastrear quién, qué y cuándo se hizo | M41: NO

Sheet ESC-CAL- CONFIBIALIDAD
A1: Identificador del escenario de calidad: | D1: ESC-CAL-CONFIABILIDAD-0001
A2: Nombre del escenario de calidad: | D2: Integridad transaccional
A3: Tipo escenario: | D3: Básico
A4: Descripción: | D4: El sistema debe garantizar que todas las transacciones sean completas y consistentes, evitando registros parciales o duplicados.
A5: Fuente del estímulo | C5: Estímulo | E5: Ambiente | G5: Artefacto | I5: Respuesta | K5: Medida de la respuesta | M5: ¿Cumplió?
A6: Trabajador | C6: Registrar venta o pago de venta | E6: basico | G6: Sistema | I6: La operación se realiza completamente o no se ejecuta | K6: No existen registros parciales o inconsistentes | M6: NO
A10: Identificador del escenario de calidad: | D10: ESC-CAL-CONFIABILIDAD-0002
A11: Nombre del escenario de calidad: | D11: Respaldo automático diario de la base de datos
A12: Tipo escenario: | D12: Básico
A13: Descripción: | D13: El sistema debe realizar copias de seguridad automáticas de la base de datos todos los días para prevenir pérdida de información.
A14: Fuente del estímulo | C14: Estímulo | E14: Ambiente | G14: Artefacto | I14: Respuesta | K14: Medida de la respuesta | M14: ¿Cumplió?
A15: Sistema | C15: Fin de la semana laboral | E15: basico | G15: Base de datos | I15: El sistema ejecuta y almacena un respaldo | K15: Respaldo disponible y actualizado | M15: NO
A19: Identificador del escenario de calidad: | D19: ESC-CAL-CONFIABILIDAD-0003
A20: Nombre del escenario de calidad: | D20: Capacitación mínima requerida
A21: Tipo escenario: | D21: Básico
A22: Descripción: | D22: El sistema debe ser tan claro e intuitivo que cualquier trabajador pueda operar sin requerir capacitación extensa.
A23: Fuente del estímulo | C23: Estímulo | E23: Ambiente | G23: Artefacto | I23: Respuesta | K23: Medida de la respuesta | M23: ¿Cumplió?
A24: Usuario | C24: Registrar venta | E24: basico | G24: Sistema | I24: El trabajador puede registrar la venta facilmente | K24: Registro exitoso | M24: NO
A29: Identificador del escenario de calidad: | D29: ESC-CAL-CONFIABILIDAD-0004
A30: Nombre del escenario de calidad: | D30: Validación de datos en operaciones críticas
A31: Tipo escenario: | D31: Básico
A32: Descripción: | D32: El sistema debe validar datos en cada operación crítica, evitando registros erróneos como pagos negativos o productos inexistentes.
A33: Fuente del estímulo | C33: Estímulo | E33: Ambiente | G33: Artefacto | I33: Respuesta | K33: Medida de la respuesta | M33: ¿Cumplió?
A34: Usuario | C34: Registrar pago o producto inexistente | E34: basico | G34: Sistema | I34: El sistema rechaza el registro y muestra mensaje claro de error | K34: No se permiten datos inválidos | M34: NO

Sheet ESC-CAL- RENDIMIENTO
A1: Identificador del escenario de calidad: | D1: ESC-CAL-RENDIMIENTO-0001
A2: Nombre del escenario de calidad: | D2: Tiempos de respuesta óptimos
A3: Tipo escenario: | D3: Básico
A4: Descripción: | D4: El sistema debe responder en menos de 5 segundos a cualquier acción realizada por el usuario .
A5: Fuente del estímulo | C5: Estímulo | E5: Ambiente | G5: Artefacto | I5: Respuesta | K5: Medida de la respuesta | M5: ¿Cumplió?
A6: Trabajador | C6: Consultar listado | E6: Basico | G6: Sistema | I6: El sistema responde la consulta rápidamente | K6: Tiempo de respuesta < 5 segundos | M6: NO
A10: Identificador del escenario de calidad: | D10: ESC-CAL-RENDIMIENTO-0002
A11: Nombre del escenario de calidad: | D11: Capacidad para atender varios usuarios en simultáneo sin degradar la experiencia
A12: Tipo escenario: | D12: Básico
A13: Descripción: | D13: El sistema debe permitir que múltiples usuarios operen al mismo tiempo, sin degradar los tiempos de respuesta.
A14: Fuente del estímulo | C14: Estímulo | E14: Ambiente | G14: Artefacto | I14: Respuesta | K14: Medida de la respuesta | M14: ¿Cumplió?
A15: Trabajador | C15: Registrar ventas simultáneas | E15: basico | G15: Sistema | I15: El sistema procesa todas las ventas sin retraso | K15: Ningún usuario experimenta lentitud | M15: NO
A19: Identificador del escenario de calidad: | D19: ESC-CAL-RENDIMIENTO-0003
A20: Nombre del escenario de calidad: | D20: Optimización de búsquedas, filtros en tablas y listados
A21: Tipo escenario: | D21: Básico
A22: Descripción: | D22: El sistema debe permitir búsquedas y filtrados ágiles en todas las tablas y listados, incluso con grandes volúmenes de datos.
A23: Fuente del estímulo | C23: Estímulo | E23: Ambiente | G23: Artefacto | I23: Respuesta | K23: Medida de la respuesta | M23: ¿Cumplió?
A24: Administrador | C24: Buscar o filtrar registros | E24: basico | G24: Sistema | I24: El sistema muestra los resultados rapidamente | K24: Resultados mostrados en < 5 segundos | M24: NO

Sheet ESC-CAL- ESCALABILIDAD
A1: Identificador del escenario de calidad: | D1: ESC-CAL-ESCALABILIDAD-0001
A2: Nombre del escenario de calidad: | D2: Posibilidad de agregar nuevos roles sin afectar el software
A3: Tipo escenario: | D3: Básico
A4: Descripción: | D4: la arquitectura y el diseño debe permitir la creación de nuevos roles adicionales sin degradar la velocidad de respuesta.
A5: Fuente del estímulo | C5: Estímulo | E5: Ambiente | G5: Artefacto | I5: Respuesta | K5: Medida de la respuesta | M5: ¿Cumplió?
A6: Administrador | C6: Solicita al equipo técnico la inclusión de un nuevo rol en el sistema | E6: Basico | G6: Sistema | I6: El sistema registra nuevos roles sin afectar los existentes | K6: No se ven afectados los roles previos y persisten en el sistema | M6: NO
A10: Identificador del escenario de calidad: | D10: ESC-CAL-ESCALABILIDAD-0002
A11: Nombre del escenario de calidad: | D11: Estructura flexible para añadir nuevos módulos
A12: Tipo escenario: | D12: Básico
A13: Descripción: | D13: La arquitectura del sistema debe permitir la incorporación de nuevas funcionalidades sin afectar los procesos actuales ni requerir reestructuraciones mayores
A14: Fuente del estímulo | C14: Estímulo | E14: Ambiente | G14: Artefacto | I14: Respuesta | K14: Medida de la respuesta | M14: ¿Cumplió?
A15: Administrador | C15: Solicitar nuevo módulo | E15: basico | G15: Sistema | I15: Se integra el nuevo módulo sin afectar módulos existentes | K15: El sistema funciona correctamente después de añadir el módulo | M15: NO
